,model_name,mean_score,std_score
2,AdaBoost,0.9117353017353016,0.04886856145761415
1,RandomForest,0.9069109714761886,0.06443632578694636
5,XGBOOST,0.9053093846572107,0.06278890820046037
4,GradientBoosting,0.8822422493936737,0.06436207623004585
3,ExtraTree,0.8790874331953793,0.0996026887529337
0,DecisionTree,0.8700967308553513,0.049074871114510206
