,class,age,sex,steroid,antivirals,fatigue,malaise,anorexia,liver_big,liver_firm,spleen_palpable,spiders,ascites,varices,bilirubin,alk_phosphate,sgot,albumin,protime,histology
count,154.0,154.0,154.0,154.0,154.0,154.0,154.0,154.0,154.0,154.0,154.0,154.0,154.0,154.0,154.0,154.0,154.0,154.0,154.0,154.0
mean,1.7922077922077921,41.27272727272727,1.0974025974025974,1.5129870129870129,1.844155844155844,1.344155844155844,1.603896103896104,1.7922077922077921,1.844155844155844,1.6103896103896105,1.8051948051948052,1.6688311688311688,1.87012987012987,1.8831168831168832,1.4136363636363636,101.62987012987013,85.6103896103896,3.8350649350649353,61.48701298701299,1.4545454545454546
std,0.40705100249439885,12.574105941409405,0.29747258937777427,0.5014620843617764,0.36389092184999383,0.4766422608570328,0.49068221374600685,0.40705100249439885,0.36389092184999383,0.4892529761407613,0.39734284233130784,0.47216916771822676,0.33725727076468365,0.3223291856101521,1.1945994040620407,47.21664037272875,88.71201197031363,0.6211451018771246,17.254813485084647,0.4995541684356422
min,1.0,7.0,1.0,1.0,1.0,1.0,1.0,1.0,1.0,1.0,1.0,1.0,1.0,1.0,0.3,26.0,14.0,2.1,0.0,1.0
25%,2.0,32.0,1.0,1.0,2.0,1.0,1.0,2.0,2.0,1.0,2.0,1.0,2.0,2.0,0.8,78.0,33.0,3.5,57.0,1.0
50%,2.0,39.0,1.0,2.0,2.0,1.0,2.0,2.0,2.0,2.0,2.0,2.0,2.0,2.0,1.0,85.0,58.0,4.0,61.0,1.0
75%,2.0,50.0,1.0,2.0,2.0,2.0,2.0,2.0,2.0,2.0,2.0,2.0,2.0,2.0,1.5,119.75,99.5,4.2,65.5,2.0
max,2.0,78.0,2.0,2.0,2.0,2.0,2.0,2.0,2.0,2.0,2.0,2.0,2.0,2.0,8.0,295.0,648.0,6.4,100.0,2.0
