class,age,bilirubin,alk_phosphate,sgot,albumin,protime
0,46.59375,2.446875,113.03125,97.21875,3.2843750000000003,51.15625
1,39.877049180327866,1.1426229508196721,98.63934426229508,82.56557377049181,3.97950819672131,64.19672131147541
