class,age,bilirubin,alk_phosphate,sgot,albumin,protime
0,9.944553948056516,1.9144584638161828,49.61755957059895,98.96683523184143,0.6340394691082699,15.227541633288954
1,12.850428728000832,0.7134965737767917,46.31281806284115,86.00461141825626,0.5325656789651371,16.775936792831057
