,protime,alk_phosphate,albumin,liver_firm,liver_big,bilirubin,spleen_palpable,spiders,ascites,varices,sgot,steroid,fatigue,malaise,anorexia,class,age,antivirals,sex,histology
Total,66,29,16,11,10,6,5,5,5,5,4,1,1,1,1,0,0,0,0,0
Percent,42.857142857142854,18.83116883116883,10.38961038961039,7.142857142857142,6.493506493506493,3.896103896103896,3.2467532467532463,3.2467532467532463,3.2467532467532463,3.2467532467532463,2.5974025974025974,0.6493506493506493,0.6493506493506493,0.6493506493506493,0.6493506493506493,0.0,0.0,0.0,0.0,0.0
Types,object,object,object,object,object,object,object,object,object,object,object,object,object,object,object,int64,int64,int64,int64,int64
