,count,mean,std,min,25%,50%,75%,max
age,154.0,41.27272727272727,12.574105941409405,7.0,32.0,39.0,50.0,78.0
bilirubin,154.0,1.4136363636363636,1.1945994040620407,0.3,0.8,1.0,1.5,8.0
alk_phosphate,154.0,101.62987012987013,47.21664037272875,26.0,78.0,85.0,119.75,295.0
sgot,154.0,85.6103896103896,88.71201197031363,14.0,33.0,58.0,99.5,648.0
albumin,154.0,3.8350649350649353,0.6211451018771246,2.1,3.5,4.0,4.2,6.4
protime,154.0,61.48701298701299,17.254813485084647,0.0,57.0,61.0,65.5,100.0
