liver_firm,frequency,percentage
Yes,94,61.038961038961034
No,60,38.961038961038966
Total,154,100.0
