malaise,frequency,percentage
Yes,93,60.3896103896104
No,61,39.61038961038961
Total,154,100.0
