spleen_palpable,frequency,percentage
Yes,124,80.51948051948052
No,30,19.480519480519483
Total,154,100.0
