steroid,frequency,percentage
Yes,79,51.298701298701296
No,75,48.701298701298704
Total,154,100.0
