varices,frequency,percentage
Yes,136,88.31168831168831
No,18,11.688311688311687
Total,154,100.0
