antivirals,frequency,percentage
Yes,130,84.4155844155844
No,24,15.584415584415584
Total,154,99.99999999999999
