anorexia,frequency,percentage
Yes,122,79.22077922077922
No,32,20.77922077922078
Total,154,100.0
