sex,frequency,percentage
Male,139,90.25974025974025
Female,15,9.740259740259742
Total,154,100.0
