fatigue,frequency,percentage
No,101,65.5844155844156
Yes,53,34.41558441558442
Total,154,100.00000000000001
