ascites,frequency,percentage
Yes,134,87.01298701298701
No,20,12.987012987012985
Total,154,100.0
