spiders,frequency,percentage
Yes,103,66.88311688311688
No,51,33.116883116883116
Total,154,100.0
