histology,frequency,percentage
No,84,54.54545454545454
Yes,70,45.45454545454545
Total,154,100.0
