Feature,Importance
ascites,0.48228255
spiders,0.1583907
malaise,0.12959088
spleen_palpable,0.09027254
sgot,0.039759584
bilirubin,0.04292401
protime,0.024530321
age,0.032249354
